{
    "$schema": "https://schema.management.azure.com/schemas/2015-01-01/deploymentParameters.json#",
    "contentVersion": "1.0.0.0",
    "parameters": {
        "sites_rdwslackbot_name": {
            "value": null
        },
        "servers_rdwtechdaydb_name": {
            "value": null
        },
        "sites_rdwtechdayregistration_name": {
            "value": null
        },
        "config_web_name": {
            "value": null
        },
        "serverfarms_rdwtechdayserviceplan_name": {
            "value": null
        },
        "components_rdwtechdayregistration_name": {
            "value": null
        },
        "config_web_name_1": {
            "value": null
        },
        "keys_ServiceManaged_name": {
            "value": null
        },
        "components_DEV_rdwtechdayregistration_name": {
            "value": null
        },
        "storageAccounts_rdwtechdayregistration_name": {
            "value": null
        },
        "auditingPolicies_Default_name": {
            "value": null
        },
        "encryptionProtector_current_name": {
            "value": null
        },
        "databases_rdwtechdayregistrationdb_name": {
            "value": null
        },
        "alertrules_Failure_Anomalies___rdwtechdayregistration_name": {
            "value": null
        },
        "firewallRules_AllowAllWindowsAzureIps_name": {
            "value": null
        },
        "alertrules_Failure_Anomalies___DEV_rdwtechdayregistration_name": {
            "value": null
        },
        "auditingPolicies_Default_name_1": {
            "value": null
        },
        "databases_master_name": {
            "value": null
        },
        "geoBackupPolicies_Default_name": {
            "value": null
        },
        "hostNameBindings_rdwslackbot.azurewebsites.net_name": {
            "value": null
        },
        "firewallRules_ClientIPAddress_2018_2_20_18_22_6_name": {
            "value": null
        },
        "transparentDataEncryption_current_name": {
            "value": null
        },
        "hostNameBindings_registration.rdwtechday.nl_name": {
            "value": null
        },
        "certificates_registration.rdwtechday.nl_842C0F8E214BEA2200899BD4AC523EFF1C61FE92_name": {
            "value": null
        },
        "auditingPolicies_Default_name_2": {
            "value": null
        },
        "geoBackupPolicies_Default_name_1": {
            "value": null
        },
        "deployments_33b7d5efcc116fbee62fb5f35394942acf026c00_name": {
            "value": null
        },
        "deployments_f39ce2a86165336d684b8e4e10a3c908ae7d42b8_name": {
            "value": null
        },
        "deployments_bfec6849f5b5f808f0004a45dbf3253e720adaa5_name": {
            "value": null
        },
        "deployments_c1f2e192817f8ba6e0bbb94bc93bc67bf0e1d7a1_name": {
            "value": null
        },
        "deployments_0653acf658f59267b9fe8ca908e6d31330ab70d2_name": {
            "value": null
        },
        "deployments_3a7e2214b5cb0077e085ae9496765bfc2a287311_name": {
            "value": null
        },
        "deployments_bac544a5f8732227ff8d225d73b87fc56c3b6b73_name": {
            "value": null
        },
        "deployments_695b84081ebc454d1eae0584c0961bdc9f28cdc8_name": {
            "value": null
        },
        "deployments_8cf4f010622713ec7209d5ee7866be8e62fbbd8d_name": {
            "value": null
        },
        "deployments_617c6982a9318839e39c151cfa7d0ddea427003e_name": {
            "value": null
        },
        "hostNameBindings_rdwtechdayregistration.azurewebsites.net_name": {
            "value": null
        },
        "transparentDataEncryption_current_name_1": {
            "value": null
        }
    }
}